Date,Category,Amount
2020-07-03,Projects,25
2020-07-06,Transport,27
2020-07-06,Restaurants,9
2020-07-07,Groceries,57
2020-07-08,Utilities,60
2020-07-10,Restaurants,29
2020-07-13,Utilities,15
2020-07-13,Projects,636
2020-07-14,Groceries,250
2020-07-15,Transport,30
2020-07-15,Restaurants,19
2020-07-15,Groceries,75
2020-07-16,Projects,49
2020-07-17,Projects,53
2020-07-17,Projects,176
2020-07-17,Restaurants,43
2020-07-20,Restaurants,31
2020-07-20,Transport,28
2020-07-20,Transport,38
2020-07-20,Projects,91
2020-07-23,Transport,28
2020-07-24,Restaurants,68
2020-07-27,Groceries,168
2020-07-27,Restaurants,17
2020-07-27,Restaurants,8
2020-07-29,Transport,31
2020-07-29,Groceries,21
2020-07-29,Groceries,345
2020-07-29,Utilities,49
2020-07-30,Groceries,17
2020-07-31,Household,98
2020-07-31,Transport,27
2020-08-03,Projects,159
2020-08-06,Groceries,224
2020-08-07,Utilities,60
2020-08-10,Projects,103
2020-08-10,Groceries,56
2020-08-10,Utilities,106
2020-08-10,Groceries,133
2020-08-10,Restaurants,22
2020-08-11,Transport,30
2020-08-11,Restaurants,31
2020-08-12,Utilities,15
2020-08-13,Projects,11
2020-08-13,Groceries,144
2020-08-14,Transport,17
2020-08-17,Other,1646
2020-08-17,Groceries,135
2020-08-17,Groceries,221
2020-08-18,Projects,174
2020-08-20,Projects,119
2020-08-21,Household,52
2020-08-21,Groceries,46
2020-08-24,Projects,96
2020-08-24,Household,39
2020-08-24,Restaurants,32
2020-08-25,Utilities,59
2020-08-26,Groceries,140
2020-08-26,Utilities,61
2020-08-26,Groceries,58
2020-08-26,Projects,155
2020-08-27,Utilities,89
2020-08-28,Utilities,81
2020-08-28,Groceries,93
2020-08-31,Groceries,12
2020-08-31,Groceries,19
2020-08-31,Projects,141
2020-09-01,Housing,1469
2020-09-01,Projects,25
2020-09-02,Restaurants,17
2020-09-04,Transport,14
2020-09-08,Projects,23
2020-09-08,Groceries,155
2020-09-08,Household,77
2020-09-08,Restaurants,22
2020-09-11,Household,201
2020-09-14,Utilities,15
2020-09-14,Groceries,137
2020-09-16,Projects,92
2020-09-16,Household,58
2020-09-16,Transport,24
2020-09-16,Projects,38
2020-09-18,Projects,40
2020-09-18,Groceries,141
2020-09-21,Projects,235
2020-09-21,Household,18
2020-09-22,Projects,237
2020-09-24,Projects,19
2020-09-25,Groceries,135
2020-09-25,Utilities,61
2020-09-28,Utilities,82
2020-09-28,Restaurants,3
2020-09-28,Restaurants,9
2020-09-28,Groceries,27
2020-09-28,Projects,210
2020-09-30,Restaurants,85
2020-10-01,Housing,1469
2020-10-05,Groceries,4
2020-10-05,Household,7
2020-10-05,Transport,30
2020-10-05,Utilities,37
2020-10-05,Utilities,92
2020-10-05,Projects,110
2020-10-05,Groceries,138
2020-10-07,Projects,23
2020-10-07,Utilities,92
2020-10-08,Household,17
2020-10-08,Restaurants,27
2020-10-09,Groceries,6
2020-10-09,Projects,144
2020-10-09,Projects,210
2020-10-13,Utilities,15
2020-10-13,Projects,160
2020-10-14,Groceries,230
2020-10-15,Transport,57
2020-10-16,Projects,30
2020-10-19,Restaurants,20
2020-10-19,Transport,23
2020-10-22,Projects,33
2020-10-23,Groceries,169
2020-10-25,Projects,225
2020-10-25,Projects,39
2020-10-25,Projects,5
2020-10-26,Utilities,61
2020-10-26,Projects,108
2020-10-27,Utilities,61
2020-10-27,Utilities,100
2020-10-29,Transport,16
2020-10-29,Groceries,36
2020-10-29,Groceries,146
2020-11-02,Groceries,28
2020-11-02,Housing,1469
2020-11-03,Other,540
2020-11-04,Transport,21
2020-11-04,Restaurants,23
2020-11-05,Utilities,37
2020-11-05,Groceries,126
2020-11-09,Other,25
2020-11-12,Utilities,15
2020-11-12,Transport,25
2020-11-12,Household,96
2020-11-12,Household,276
2020-11-13,Restaurants,23
2020-11-13,Groceries,71
2020-11-13,Projects,39
2020-11-16,Groceries,9
2020-11-16,Groceries,113
2020-11-16,Projects,238
2020-11-20,Groceries,8
2020-11-20,Restaurants,18
2020-11-20,Projects,26
2020-11-22,Projects,34
2020-11-23,Projects,20
2020-11-23,Projects,91
2020-11-23,Groceries,180
2020-11-24,Projects,50
2020-11-24,Utilities,65
2020-11-25,Groceries,56
2020-11-25,Utilities,61
2020-11-25,Utilities,108
2020-11-27,Projects,34
2020-11-27,Groceries,199
2020-11-29,Projects,56
2020-11-30,Transport,24
2020-12-01,Projects,19
2020-12-01,Projects,22
2020-12-01,Projects,24
2020-12-01,Projects,41
2020-12-01,Projects,58
2020-12-01,Projects,80
2020-12-01,Projects,82
2020-12-01,Projects,96
2020-12-01,Housing,1469
2020-12-03,Restaurants,35
2020-12-03,Projects,45
2020-12-06,Projects,32
2020-12-07,Groceries,5
2020-12-07,Utilities,37
2020-12-07,Groceries,137
2020-12-14,Utilities,15
2020-12-14,Groceries,39
2020-12-14,Restaurants,52
2020-12-14,Projects,393
2020-12-15,Projects,29
2020-12-15,Projects,22
2020-12-16,Groceries,14
2020-12-16,Projects,49
2020-12-16,Groceries,275
2020-12-16,Other,375
2020-12-16,Projects,45
2020-12-17,Projects,21
2020-12-21,Restaurants,19
2020-12-21,Groceries,320
2020-12-21,Projects,1052
2020-12-22,Projects,39
2020-12-22,Household,248
2020-12-23,Projects,75
2020-12-24,Entertainment,6
2020-12-24,Restaurants,22
2020-12-24,Utilities,61
2020-12-24,Utilities,84
2020-12-28,Transport,3
2020-12-28,Transport,29
2020-12-28,Projects,75
2020-12-29,Utilities,218
2020-12-31,Restaurants,18
2021-01-04,Groceries,34
2021-01-04,Housing,1469
2021-01-04,Household,59
2021-01-05,Utilities,37
2021-01-05,Transport,83
2021-01-06,Projects,75
2021-01-07,Groceries,122
2021-01-07,Restaurants,27
2021-01-08,Projects,60
2021-01-11,Groceries,73
2021-01-11,Restaurants,10
2021-01-11,Household,133
2021-01-12,Utilities,15
2021-01-12,Transport,29
2021-01-13,Restaurants,28
2021-01-14,Groceries,149
2021-01-14,Restaurants,8
2021-01-19,Other,25
2021-01-20,Restaurants,32
2021-01-20,Household,79
2021-01-20,Projects,35
2021-01-21,Transport,30
2021-01-21,Projects,43
2021-01-25,Groceries,141
2021-01-26,Utilities,61
2021-01-27,Utilities,89
2021-01-27,Groceries,87
2021-01-28,Projects,721
2021-02-01,Housing,1469
2021-02-01,Utilities,258
2021-02-03,Restaurants,29
2021-02-04,Transport,85
2021-02-04,Groceries,72
2021-02-04,Projects,50
2021-02-05,Groceries,187
2021-02-05,Utilities,37
2021-02-08,Groceries,5
2021-02-09,Other,540
2021-02-10,Transport,21
2021-02-11,Groceries,110
2021-02-12,Utilities,15
2021-02-16,Projects,42
2021-02-17,Transport,77
2021-02-18,Utilities,10
2021-02-18,Groceries,27
2021-02-19,Groceries,143
2021-02-19,Groceries,23
2021-02-19,Restaurants,38
2021-02-24,Transport,33
2021-02-24,Utilities,61
2021-02-24,Utilities,78
2021-02-25,Restaurants,32
2021-02-26,Groceries,212
2021-03-01,Housing,1469
2021-03-01,Other,25
2021-03-01,Utilities,209
2021-03-04,Transport,85
2021-03-04,Restaurants,20
2021-03-05,Projects,118
2021-03-05,Projects,161
2021-03-05,Projects,203
2021-03-05,Groceries,2
2021-03-05,Groceries,154
2021-03-05,Projects,520
2021-03-08,Other,30
2021-03-08,Utilities,37
2021-03-08,Projects,388
2021-03-08,Transport,34
2021-03-08,Restaurants,7
2021-03-09,Utilities,30
2021-03-11,Projects,49
2021-03-11,Household,106
2021-03-12,Restaurants,14
2021-03-12,Utilities,15
2021-03-15,Groceries,122
2021-03-16,Projects,34
2021-03-16,Projects,34
2021-03-17,Household,184
2021-03-18,Projects,9
2021-03-18,Projects,165
2021-03-19,Groceries,130
2021-03-19,Restaurants,36
2021-03-22,Projects,17
2021-03-22,Projects,302
2021-03-22,Transport,28
2021-03-22,Projects,20
2021-03-22,Projects,61
2021-03-24,Utilities,61
2021-03-24,Groceries,83
2021-03-25,Transport,3
2021-03-25,Transport,24
2021-03-26,Projects,59
2021-03-26,Utilities,78
2021-03-29,Projects,125
2021-03-29,Household,8
2021-03-29,Other,20
2021-03-31,Restaurants,4
2021-03-31,Utilities,237
2021-04-01,Projects,268
2021-04-01,Restaurants,26
2021-04-01,Housing,1469
2021-04-02,Groceries,273
2021-04-04,Projects,61
2021-04-04,Projects,64
2021-04-05,Groceries,27
2021-04-05,Projects,10
2021-04-06,Transport,36
2021-04-06,Utilities,37
2021-04-06,Transport,85
2021-04-07,Household,39
2021-04-09,Transport,19
2021-04-11,Household,31
2021-04-12,Groceries,132
2021-04-12,Restaurants,32
2021-04-12,Utilities,15
2021-04-15,Groceries,30
2021-04-17,Household,14
2021-04-19,Groceries,83
2021-04-19,Projects,213
2021-04-20,Restaurants,32
2021-04-23,Groceries,134
2021-04-26,Utilities,76
2021-04-26,Utilities,61
2021-04-27,Restaurants,12
2021-04-27,Groceries,70
2021-04-28,Utilities,187
2021-04-29,Projects,170
2021-04-29,Transport,38
2021-05-03,Housing,1469
2021-05-03,Projects,176
2021-05-03,Groceries,111
2021-05-03,Groceries,15
2021-05-04,Household,74
2021-05-04,Household,71
2021-05-06,Projects,188
2021-05-06,Groceries,29
2021-05-06,Utilities,37
2021-05-06,Projects,24
2021-05-10,Transport,43
2021-05-11,Restaurants,32
2021-05-12,Utilities,15
2021-05-12,Groceries,56
2021-05-13,Transport,85
2021-05-13,Groceries,20
2021-05-14,Other,650
2021-05-19,Groceries,3
2021-05-19,Groceries,81
2021-05-20,Household,64
2021-05-21,Household,58
2021-05-21,Household,20
2021-05-21,Projects,27
2021-05-24,Utilities,16
2021-05-24,Restaurants,8
2021-05-24,Restaurants,56
2021-05-24,Household,37
2021-05-24,Restaurants,5
2021-05-24,Projects,64
2021-05-24,Transport,36
2021-05-25,Utilities,61
2021-05-25,Groceries,34
2021-05-26,Utilities,83
2021-05-26,Groceries,29
2021-05-26,Groceries,109
2021-05-26,Groceries,8
2021-05-27,Utilities,139
2021-06-01,Restaurants,33
2021-06-01,Groceries,68
2021-06-01,Housing,1469
2021-06-02,Transport,33
2021-06-02,Groceries,122
2021-06-02,Projects,75
2021-06-04,Groceries,27
2021-06-04,Transport,85
2021-06-07,Other,218
2021-06-07,Utilities,37
2021-06-08,Other,5
2021-06-08,Other,50
2021-06-09,Household,236
2021-06-11,Groceries,76
2021-06-14,Projects,179
2021-06-14,Utilities,16
2021-06-14,Groceries,139
2021-06-15,Transport,45
2021-06-15,Restaurants,15
2021-06-21,Groceries,66
2021-06-21,Household,29
2021-06-24,Utilities,61
2021-06-24,Restaurants,38
2021-06-25,Groceries,89
2021-06-25,Groceries,44
2021-06-25,Projects,100
2021-06-25,Transport,42
2021-06-25,Projects,342
2021-06-25,Utilities,86
2021-06-29,Utilities,130
2021-06-30,Projects,5
2021-06-30,Groceries,16
2021-06-30,Restaurants,5
2021-07-01,Projects,75
2021-07-01,Housing,1501
2021-07-02,Groceries,45
2021-07-02,Projects,65
2021-07-06,Utilities,37
2021-07-06,Projects,76
2021-07-06,Household,89
2021-07-06,Projects,338
2021-07-07,Transport,85
2021-07-07,Groceries,129
2021-07-08,Projects,21
2021-07-09,Other,1500
2021-07-09,Groceries,44
2021-07-11,Household,77
2021-07-12,Household,20
2021-07-12,Household,49
2021-07-12,Other,638
2021-07-12,Utilities,16
2021-07-12,Projects,192
2021-07-13,Household,7
2021-07-13,Restaurants,25
2021-07-14,Groceries,152
2021-07-14,Projects,220
2021-07-15,Household,18
2021-07-16,Utilities,672
2021-07-19,Household,19
2021-07-19,Household,42
2021-07-19,Other,36
2021-07-19,Groceries,18
2021-07-19,Groceries,236
2021-07-19,Restaurants,60
2021-07-19,Groceries,76
2021-07-19,Projects,300
2021-07-22,Household,29
2021-07-23,Restaurants,46
2021-07-23,Household,34
2021-07-26,Restaurants,68
2021-07-26,Utilities,61
2021-07-26,Groceries,148
2021-07-27,Household,40
2021-07-27,Groceries,42
2021-07-28,Projects,98
2021-07-28,Utilities,106
2021-07-28,Transport,11
2021-07-28,Restaurants,27
2021-07-28,Projects,98
2021-07-29,Transport,44
2021-07-29,Utilities,98
2021-07-29,Transport,6
2021-07-30,Entertainment,32
2021-07-30,Entertainment,8
2021-07-30,Entertainment,16
2021-07-30,Entertainment,10
2021-07-31,Household,22
2021-08-01,Household,10
2021-08-02,Projects,48
2021-08-02,Housing,1501
2021-08-02,Projects,26
2021-08-03,Restaurants,24
2021-08-03,Groceries,181
2021-08-03,Restaurants,26
2021-08-03,Household,42
2021-08-04,Groceries,1
2021-08-04,Transport,85
2021-08-04,Groceries,8
2021-08-06,Utilities,37
2021-08-06,Household,71
2021-08-09,Transport,44
2021-08-09,Other,29
2021-08-09,Groceries,48
2021-08-12,Utilities,16
2021-08-13,Groceries,159
2021-08-13,Projects,20
2021-08-16,Projects,92
2021-08-16,Projects,80
2021-08-16,Projects,18
2021-08-16,Projects,26
2021-08-16,Other,13
2021-08-17,Projects,20
2021-08-17,Projects,23
2021-08-19,Projects,128
2021-08-19,Projects,49
2021-08-19,Projects,18
2021-08-20,Projects,17
2021-08-20,Projects,39
2021-08-20,Projects,19
2021-08-23,Restaurants,4
2021-08-23,Restaurants,19
2021-08-23,Groceries,31
2021-08-23,Restaurants,17
2021-08-24,Utilities,81
2021-08-25,Groceries,91
2021-08-25,Utilities,51
2021-08-25,Household,171
2021-08-26,Utilities,83
2021-08-27,Transport,39
2021-08-30,Household,361
2021-08-30,Utilities,102
2021-08-30,Projects,20
2021-08-31,Projects,27
2021-08-31,Projects,6
2021-09-01,Groceries,122
2021-09-01,Housing,1201
2021-09-02,Household,32
2021-09-07,Utilities,37
2021-09-07,Household,24
2021-09-07,Transport,85
2021-09-08,Restaurants,18
2021-09-08,Transport,46
2021-09-09,Groceries,118
2021-09-09,Restaurants,6
2021-09-09,Other,99
2021-09-13,Household,30
2021-09-13,Restaurants,16
2021-09-13,Restaurants,6
2021-09-13,Household,45
2021-09-13,Utilities,16
2021-09-13,Transport,38
2021-09-13,Restaurants,21
2021-09-13,Restaurants,38
2021-09-14,Restaurants,53
2021-09-14,Household,29
2021-09-14,Groceries,77
2021-09-14,Projects,66
2021-09-14,Projects,204
2021-09-15,Groceries,8
2021-09-17,Utilities,10
2021-09-17,Utilities,1
2021-09-20,Restaurants,30
2021-09-20,Projects,51
2021-09-20,Household,73
2021-09-20,Groceries,49
2021-09-22,Groceries,120
2021-09-22,Household,218
2021-09-22,Groceries,44
2021-09-22,Groceries,93
2021-09-24,Groceries,13
2021-09-27,Restaurants,11
2021-09-27,Restaurants,4
2021-09-27,Utilities,81
2021-09-27,Utilities,105
2021-09-27,Household,17
2021-09-27,Household,13
2021-09-28,Groceries,94
2021-09-28,Utilities,99
2021-09-28,Utilities,91
2021-09-30,Groceries,16
2021-09-30,Transport,43
2021-10-01,Housing,1201
2021-10-04,Projects,42
2021-10-04,Other,57
2021-10-04,Projects,64
2021-10-04,Groceries,72
2021-10-04,Household,72
2021-10-04,Household,74
2021-10-04,Restaurants,6
2021-10-05,Transport,83
2021-10-06,Groceries,199
2021-10-06,Utilities,37
2021-10-07,Household,13
2021-10-09,Projects,51
2021-10-12,Groceries,14
2021-10-12,Groceries,41
2021-10-12,Utilities,16
2021-10-12,Groceries,39
2021-10-12,Household,12
2021-10-12,Restaurants,28
2021-10-13,Groceries,124
2021-10-15,Transport,48
2021-10-16,Household,49
2021-10-18,Projects,54
2021-10-18,Utilities,10
2021-10-20,Groceries,172
2021-10-20,Household,60
2021-10-21,Groceries,38
2021-10-21,Groceries,3
2021-10-22,Groceries,4
2021-10-22,Household,30
2021-10-25,Projects,12
2021-10-25,Projects,204
2021-10-25,Utilities,81
2021-10-25,Entertainment,16
2021-10-25,Entertainment,16
2021-10-26,Restaurants,37
2021-10-26,Household,39
2021-10-27,Projects,134
2021-10-27,Projects,144
2021-10-27,Utilities,121
2021-10-27,Restaurants,13
2021-10-27,Groceries,187
2021-10-27,Utilities,88
2021-10-27,Projects,9
2021-10-28,Groceries,24
2021-10-28,Household,128
2021-10-28,Transport,45
2021-10-29,Household,83
2021-10-29,Household,80
2021-10-29,Projects,102
2021-11-01,Groceries,84
2021-11-01,Housing,1201
2021-11-01,Utilities,39
2021-11-02,Household,86
2021-11-03,Groceries,115
2021-11-03,Projects,72
2021-11-03,Projects,32
2021-11-04,Transport,85
2021-11-04,Household,37
2021-11-06,Household,16
2021-11-06,Household,21
2021-11-08,Projects,21
2021-11-08,Utilities,37
2021-11-08,Household,76
2021-11-08,Household,21
2021-11-09,Groceries,147
2021-11-09,Restaurants,10
2021-11-09,Restaurants,44
2021-11-10,Household,28
2021-11-10,Projects,26
2021-11-12,Projects,33
2021-11-12,Utilities,16
2021-11-15,Other,21
2021-11-15,Other,23
2021-11-15,Transport,64
2021-11-16,Groceries,34
2021-11-16,Restaurants,12
2021-11-17,Restaurants,35
2021-11-17,Projects,52
2021-11-17,Household,26
2021-11-17,Other,87
2021-11-17,Projects,49
2021-11-17,Groceries,117
2021-11-17,Projects,59
2021-11-17,Utilities,10
2021-11-18,Other,25
2021-11-18,Household,31
2021-11-22,Groceries,144
2021-11-23,Groceries,79
2021-11-23,Household,236
2021-11-24,Household,25
2021-11-24,Household,9
2021-11-24,Household,32
2021-11-24,Utilities,81
2021-11-24,Utilities,89
2021-11-24,Groceries,79
2021-11-26,Groceries,37
2021-11-26,Projects,209
2021-11-26,Utilities,159
2021-11-28,Household,27
2021-11-29,Projects,90
2021-11-29,Groceries,18
2021-11-29,Household,4
2021-11-29,Other,75
2021-11-29,Other,98
2021-11-29,Transport,47
2021-11-30,Transport,59
2021-11-30,Groceries,6
2021-11-30,Projects,102
2021-11-30,Household,64
2021-11-30,Restaurants,16
2021-12-01,Projects,43
2021-12-01,Groceries,63
2021-12-01,Groceries,6
2021-12-01,Other,75
2021-12-01,Groceries,198
2021-12-01,Restaurants,14
2021-12-02,Restaurants,11
2021-12-02,Household,21
2021-12-05,Projects,95
2021-12-06,Utilities,37
2021-12-06,Transport,85
2021-12-06,Household,27
2021-12-07,Projects,85
2021-12-08,Projects,43
2021-12-08,Groceries,164
2021-12-09,Groceries,20
2021-12-10,Projects,30
2021-12-10,Projects,77
2021-12-10,Projects,47
2021-12-10,Other,40
2021-12-10,Projects,39
2021-12-12,Projects,50
2021-12-13,Household,163
2021-12-13,Restaurants,23
2021-12-13,Household,33
2021-12-13,Utilities,16
2021-12-13,Groceries,85
2021-12-13,Projects,21
2021-12-13,Projects,81
2021-12-13,Other,20
2021-12-14,Groceries,62
2021-12-15,Restaurants,12
2021-12-15,Restaurants,19
2021-12-15,Groceries,184
2021-12-16,Housing,1501
2021-12-17,Utilities,10
2021-12-20,Household,2
2021-12-20,Other,20
2021-12-20,Groceries,49
2021-12-21,Transport,37
2021-12-22,Groceries,58
2021-12-24,Utilities,81
2021-12-24,Restaurants,25
2021-12-24,Groceries,27
2021-12-24,Utilities,102
2021-12-27,Groceries,82
2021-12-27,Transport,81
2021-12-27,Household,112
2021-12-27,Entertainment,6
2021-12-27,Transport,41
2021-12-27,Projects,41
2021-12-28,Utilities,218
2021-12-29,Household,32
2021-12-29,Groceries,14
2021-12-29,Groceries,2
2021-12-31,Projects,210
2021-12-31,Restaurants,33
2022-01-03,Transport,1
2022-01-03,Projects,203
2022-01-04,Groceries,194
2022-01-04,Transport,83
2022-01-05,Housing,1501
2022-01-06,Restaurants,21
2022-01-06,Utilities,37
2022-01-08,Projects,374
2022-01-10,Housing,1501
2022-01-11,Household,101
2022-01-11,Groceries,24
2022-01-12,Utilities,16
2022-01-12,Household,23
2022-01-12,Groceries,130
2022-01-13,Household,25
2022-01-18,Groceries,85
2022-01-18,Household,128
2022-01-18,Utilities,10
2022-01-19,Groceries,87
2022-01-19,Household,158
2022-01-20,Household,47
2022-01-24,Groceries,83
2022-01-24,Groceries,54
2022-01-24,Restaurants,23
2022-01-24,Restaurants,13
2022-01-24,Transport,37
2022-01-24,Projects,94
2022-01-25,Utilities,81
2022-01-27,Utilities,113
2022-01-27,Groceries,113
2022-01-31,Projects,85
2022-01-31,Groceries,58
2022-01-31,Utilities,260
2022-02-02,Restaurants,15
2022-02-02,Groceries,89
2022-02-03,Groceries,25
2022-02-04,Transport,83
2022-02-07,Projects,182
2022-02-07,Utilities,37
2022-02-08,Housing,1475
2022-02-08,Household,27
2022-02-08,Restaurants,41
2022-02-09,Projects,34
2022-02-09,Groceries,71
2022-02-10,Projects,285
2022-02-11,Household,32
2022-02-12,Projects,233
2022-02-14,Projects,48
2022-02-14,Transport,41
2022-02-14,Transport,80
2022-02-14,Utilities,16
2022-02-16,Groceries,68
2022-02-17,Utilities,10
2022-02-18,Utilities,10
2022-02-22,Other,43
2022-02-22,Other,35
2022-02-22,Other,18
2022-02-23,Groceries,137
2022-02-23,Groceries,7
2022-02-24,Utilities,100
2022-02-25,Entertainment,28
2022-02-25,Transport,42
2022-02-25,Entertainment,28
2022-02-28,Groceries,128
2022-02-28,Utilities,81
2022-02-28,Utilities,67
2022-03-01,Utilities,258
2022-03-02,Groceries,160
2022-03-04,Transport,83
2022-03-05,Projects,28
2022-03-07,Utilities,41
2022-03-09,Groceries,81
2022-03-10,Household,14
2022-03-11,Housing,1475
2022-03-11,Restaurants,6
2022-03-11,Entertainment,48
2022-03-11,Entertainment,44
2022-03-13,Projects,84
2022-03-14,Restaurants,6
2022-03-14,Utilities,16
2022-03-14,Restaurants,156
2022-03-14,Projects,42
2022-03-16,Groceries,68
2022-03-17,Utilities,10
2022-03-18,Groceries,29
2022-03-18,Restaurants,51
2022-03-23,Transport,62
2022-03-23,Groceries,161
2022-03-23,Projects,61
2022-03-24,Household,63
2022-03-25,Utilities,95
2022-03-25,Projects,35
2022-03-28,Utilities,81
2022-03-29,Utilities,225
2022-03-30,Groceries,56
2022-03-30,Projects,20
2022-04-01,Projects,620
2022-04-01,Restaurants,26
2022-04-01,Projects,79
2022-04-01,Projects,9
2022-04-04,Projects,80
2022-04-05,Transport,83
2022-04-05,Restaurants,20
2022-04-06,Utilities,41
2022-04-06,Housing,1475
2022-04-06,Restaurants,12
2022-04-07,Entertainment,54
2022-04-07,Groceries,63
2022-04-11,Restaurants,55
2022-04-11,Restaurants,11
2022-04-11,Restaurants,12
2022-04-12,Utilities,16
2022-04-15,Household,116
2022-04-15,Groceries,77
2022-04-18,Transport,56
2022-04-18,Groceries,34
2022-04-18,Household,9
2022-04-18,Projects,26
2022-04-18,Household,9
2022-04-18,Transport,22
2022-04-18,Restaurants,11
2022-04-18,Utilities,10
2022-04-18,Transport,20
2022-04-19,Restaurants,19
2022-04-19,Restaurants,3
2022-04-20,Transport,18
2022-04-20,Transport,9
2022-04-20,Restaurants,9
2022-04-20,Household,99
2022-04-21,Groceries,122
2022-04-21,Household,80
2022-04-26,Transport,16
2022-04-26,Utilities,91
2022-04-26,Utilities,81
2022-04-27,Utilities,193
2022-04-28,Transport,53
2022-04-28,Groceries,101
2022-04-28,Projects,119
2022-04-28,Restaurants,21
2022-04-28,Restaurants,50
2022-04-29,Groceries,117
2022-04-29,Projects,792
2022-05-02,Restaurants,12
2022-05-02,Groceries,21
2022-05-02,Restaurants,76
2022-05-02,Groceries,130
2022-05-03,Household,40
2022-05-04,Transport,83
2022-05-04,Restaurants,31
2022-05-05,Projects,12
2022-05-06,Utilities,41
2022-05-06,Projects,27
2022-05-06,Restaurants,10
2022-05-06,Groceries,151
2022-05-09,Restaurants,50
2022-05-09,Housing,1475
2022-05-09,Restaurants,23
2022-05-09,Restaurants,39
2022-05-09,Restaurants,14
2022-05-10,Projects,210
2022-05-10,Household,154
2022-05-10,Household,94
2022-05-12,Restaurants,6
2022-05-12,Household,35
2022-05-12,Household,248
2022-05-12,Household,18
2022-05-12,Household,11
2022-05-12,Utilities,16
2022-05-12,Household,75
2022-05-12,Groceries,138
2022-05-13,Restaurants,18
2022-05-13,Household,21
2022-05-13,Projects,93
2022-05-15,Projects,75
2022-05-16,Transport,1
2022-05-16,Projects,20
2022-05-16,Projects,40
2022-05-16,Transport,62
2022-05-16,Projects,36
2022-05-16,Transport,5
2022-05-17,Utilities,10
2022-05-17,Projects,30
2022-05-18,Projects,52
2022-05-18,Restaurants,49
2022-05-18,Projects,46
2022-05-18,Groceries,112
2022-05-18,Household,131
2022-05-19,Restaurants,3
2022-05-19,Restaurants,50
2022-05-23,Projects,144
2022-05-23,Projects,122
2022-05-23,Projects,250
2022-05-23,Utilities,16
2022-05-24,Projects,172
2022-05-24,Restaurants,12
2022-05-24,Projects,164
2022-05-25,Utilities,93
2022-05-26,Restaurants,50
2022-05-26,Transport,2
2022-05-26,Household,43
2022-05-26,Utilities,81
2022-05-26,Transport,62
2022-05-27,Transport,1
2022-05-27,Household,13
2022-05-27,Restaurants,17
2022-05-27,Restaurants,42
2022-05-27,Transport,67
2022-05-27,Projects,74
2022-05-28,Projects,300
2022-05-31,Transport,57
2022-05-31,Restaurants,50
2022-05-31,Restaurants,34
2022-05-31,Utilities,188
2022-05-31,Groceries,192
2022-05-31,Restaurants,15
2022-05-31,Transport,62
2022-05-31,Restaurants,23
2022-06-02,Projects,21
2022-06-03,Housing,1475
2022-06-06,Household,20
2022-06-06,Transport,83
2022-06-06,Restaurants,50
2022-06-06,Utilities,41
2022-06-06,Projects,96
2022-06-06,Entertainment,17
2022-06-08,Projects,28
2022-06-08,Restaurants,42
2022-06-09,Groceries,237
2022-06-09,Household,70
2022-06-09,Restaurants,3
2022-06-09,Transport,72
2022-06-10,Restaurants,50
2022-06-13,Restaurants,50
2022-06-13,Transport,30
2022-06-13,Utilities,16
2022-06-14,Restaurants,7
2022-06-14,Other,15
2022-06-14,Groceries,28
2022-06-15,Groceries,159
2022-06-16,Projects,49
2022-06-16,Restaurants,13
2022-06-17,Utilities,10
2022-06-17,Projects,55
2022-06-18,Projects,148
2022-06-20,Projects,31
2022-06-21,Restaurants,11
2022-06-21,Projects,18
2022-06-21,Other,100
2022-06-21,Other,26
2022-06-21,Restaurants,11
2022-06-21,Restaurants,6
2022-06-21,Entertainment,39
2022-06-21,Restaurants,40
2022-06-21,Restaurants,28
2022-06-22,Restaurants,11
2022-06-22,Restaurants,11
2022-06-23,Groceries,124
2022-06-24,Restaurants,3
2022-06-25,Projects,500
2022-06-27,Groceries,62
2022-06-27,Transport,68
2022-06-27,Other,25
2022-06-27,Transport,9
2022-06-27,Utilities,116
2022-06-28,Utilities,81
2022-06-28,Utilities,124
2022-06-28,Utilities,205
2022-06-29,Restaurants,8
2022-06-29,Restaurants,48
2022-06-29,Projects,12
2022-06-30,Projects,126
2022-06-30,Other,52
2022-06-30,Groceries,84
2022-07-01,Household,37
2022-07-01,Projects,1392
2022-07-05,Restaurants,55
2022-07-05,Household,51
2022-07-05,Other,118
2022-07-05,Transport,69
2022-07-06,Transport,83
2022-07-06,Restaurants,7
2022-07-06,Restaurants,25
2022-07-06,Utilities,41
2022-07-07,Restaurants,15
2022-07-07,Groceries,141
2022-07-08,Projects,73
2022-07-11,Household,94
2022-07-11,Household,60
2022-07-11,Household,15
2022-07-11,Restaurants,14
2022-07-11,Restaurants,11
2022-07-11,Entertainment,7
2022-07-11,Other,130
2022-07-12,Restaurants,19
2022-07-12,Utilities,16
2022-07-12,Restaurants,6
2022-07-12,Household,29
2022-07-13,Restaurants,8
2022-07-14,Restaurants,34
2022-07-14,Housing,1475
2022-07-14,Projects,648
2022-07-18,Projects,648
2022-07-18,Utilities,10
2022-07-18,Groceries,193
2022-07-18,Groceries,76
2022-07-19,Projects,101
2022-07-19,Restaurants,14
2022-07-19,Household,16
2022-07-20,Projects,117
2022-07-20,Restaurants,32
2022-07-21,Restaurants,30
2022-07-22,Transport,56
2022-07-23,Projects,535
2022-07-23,Projects,535
2022-07-25,Entertainment,9
2022-07-25,Restaurants,15
2022-07-26,Restaurants,1
2022-07-26,Restaurants,3
2022-07-26,Utilities,81
2022-07-27,Utilities,171
2022-07-28,Household,56
2022-07-28,Restaurants,16
2022-07-28,Groceries,171
2022-07-28,Groceries,23
2022-07-28,Projects,55
2022-07-29,Groceries,33
2022-07-29,Projects,39
2022-08-01,Restaurants,20
2022-08-01,Utilities,129
2022-08-03,Groceries,106
2022-08-04,Transport,83
2022-08-05,Projects,31
2022-08-08,Restaurants,3
2022-08-08,Restaurants,9
2022-08-08,Projects,9
2022-08-08,Utilities,41
2022-08-08,Restaurants,14
2022-08-08,Restaurants,48
2022-08-08,Household,9
2022-08-08,Transport,50
2022-08-09,Restaurants,10
2022-08-09,Groceries,244
2022-08-10,Household,21
2022-08-10,Restaurants,7
2022-08-10,Restaurants,10
2022-08-11,Household,13
2022-08-11,Restaurants,6
2022-08-12,Groceries,92
2022-08-12,Utilities,16
2022-08-15,Transport,34
2022-08-15,Household,20
2022-08-15,Transport,68
2022-08-15,Projects,381
2022-08-15,Groceries,34
2022-08-15,Household,5
2022-08-16,Projects,70
2022-08-16,Restaurants,5
2022-08-16,Restaurants,2
2022-08-17,Transport,78
2022-08-17,Projects,21
2022-08-17,Utilities,10
2022-08-19,Restaurants,11
2022-08-22,Entertainment,47
2022-08-22,Groceries,107
2022-08-22,Entertainment,49
2022-08-22,Groceries,130
2022-08-22,Projects,15
2022-08-22,Restaurants,13
2022-08-22,Restaurants,34
2022-08-24,Projects,14
2022-08-24,Restaurants,25
2022-08-24,Projects,32
2022-08-25,Utilities,81
2022-08-25,Utilities,120
2022-08-29,Restaurants,15
2022-08-29,Housing,1175
2022-08-29,Household,658
2022-08-29,Groceries,40
2022-08-29,Restaurants,15
2022-08-29,Groceries,251
2022-08-29,Projects,192
2022-08-30,Utilities,124
2022-08-30,Transport,81
2022-08-31,Household,18
2022-08-31,Groceries,55
2022-08-31,Projects,215
2022-09-01,Restaurants,85
2022-09-01,Transport,52
2022-09-04,Projects,14
2022-09-05,Projects,107
2022-09-06,Groceries,10
2022-09-06,Restaurants,25
2022-09-06,Utilities,41
2022-09-07,Transport,83
2022-09-08,Projects,203
2022-09-09,Groceries,111
2022-09-12,Projects,12
2022-09-12,Restaurants,25
2022-09-12,Utilities,16
2022-09-12,Transport,47
2022-09-14,Restaurants,82
2022-09-14,Restaurants,25
2022-09-14,Groceries,161
2022-09-14,Household,56
2022-09-16,Groceries,18
2022-09-19,Transport,7
2022-09-19,Entertainment,77
2022-09-19,Transport,34
2022-09-19,Restaurants,18
2022-09-20,Projects,85
2022-09-20,Restaurants,4
2022-09-20,Transport,28
2022-09-20,Transport,48
2022-09-21,Restaurants,12
2022-09-21,Restaurants,10
2022-09-21,Housing,1175
2022-09-21,Projects,183
2022-09-23,Groceries,78
2022-09-23,Restaurants,50
2022-09-26,Restaurants,15
2022-09-26,Household,24
2022-09-26,Projects,75
2022-09-27,Groceries,92
2022-09-27,Utilities,81
2022-09-28,Restaurants,44
2022-09-28,Utilities,115
2022-09-28,Groceries,99
2022-09-28,Utilities,110
2022-09-28,Projects,31
2022-10-03,Groceries,63
2022-10-04,Restaurants,30
2022-10-04,Transport,83
2022-10-05,Projects,312
2022-10-05,Utilities,35
2022-10-06,Transport,47
2022-10-06,Utilities,41
2022-10-07,Groceries,127
2022-10-10,Projects,479
2022-10-11,Groceries,34
2022-10-11,Utilities,25
2022-10-12,Utilities,16
2022-10-12,Restaurants,12
2022-10-12,Groceries,138
2022-10-13,Household,8
2022-10-14,Housing,1175
2022-10-16,Projects,2371
2022-10-19,Restaurants,12
2022-10-20,Transport,56
2022-10-20,Groceries,98
2022-10-21,Restaurants,50
2022-10-21,Household,145
2022-10-21,Restaurants,12
2022-10-21,Restaurants,10
2022-10-21,Entertainment,54
2022-10-24,Restaurants,27
2022-10-24,Household,36
2022-10-24,Restaurants,50
2022-10-24,Restaurants,21
2022-10-25,Utilities,81
2022-10-25,Projects,75
2022-10-25,Projects,32
2022-10-27,Household,248
2022-10-27,Utilities,109
2022-10-27,Groceries,46
2022-10-27,Utilities,134
2022-10-27,Restaurants,14
2022-10-28,Groceries,105
2022-10-28,Restaurants,11
2022-10-28,Groceries,29
2022-10-28,Projects,52
2022-10-28,Projects,51
2022-10-31,Other,87
2022-10-31,Other,1
2022-10-31,Other,81
2022-10-31,Projects,40
2022-11-01,Other,51
2022-11-02,Groceries,108
2022-11-02,Groceries,87
2022-11-02,Other,28
2022-11-03,Projects,49
2022-11-03,Projects,58
2022-11-04,Restaurants,10
2022-11-04,Transport,83
2022-11-05,Projects,53
2022-11-07,Utilities,41
2022-11-07,Groceries,65
2022-11-07,Groceries,42
2022-11-07,Projects,1156
2022-11-07,Housing,1175
2022-11-07,Projects,2792
2022-11-08,Projects,26
2022-11-10,Groceries,73
2022-11-14,Groceries,35
2022-11-14,Restaurants,14
2022-11-14,Utilities,75
2022-11-14,Restaurants,61
2022-11-14,Transport,51
2022-11-14,Restaurants,18
2022-11-14,Utilities,16
2022-11-15,Restaurants,16
2022-11-15,Projects,61
2022-11-16,Groceries,102
2022-11-17,Household,20
2022-11-17,Restaurants,13
2022-11-17,Other,25
2022-11-18,Groceries,10
2022-11-21,Groceries,78
2022-11-21,Restaurants,50
2022-11-21,Restaurants,36
2022-11-21,Groceries,96
2022-11-22,Restaurants,5
2022-11-22,Projects,15
2022-11-22,Projects,49
2022-11-22,Projects,17
2022-11-22,Projects,58
2022-11-23,Projects,17
2022-11-23,Projects,23
2022-11-23,Projects,64
2022-11-23,Other,21
2022-11-23,Projects,283
2022-11-23,Projects,77
2022-11-23,Projects,30
2022-11-25,Utilities,99
2022-11-25,Utilities,102
2022-11-25,Utilities,81
2022-11-25,Transport,36
2022-11-25,Transport,4
2022-11-28,Projects,49
2022-11-28,Projects,29
2022-11-28,Utilities,147
2022-12-01,Transport,2
2022-12-01,Restaurants,16
2022-12-01,Groceries,82
2022-12-02,Restaurants,53
2022-12-02,Household,57
2022-12-02,Household,62
2022-12-02,Restaurants,34
2022-12-02,Transport,38
2022-12-02,Restaurants,36
2022-12-03,Projects,27
2022-12-05,Restaurants,50
2022-12-05,Household,161
2022-12-05,Other,136
2022-12-05,Household,76
2022-12-06,Other,66
2022-12-06,Restaurants,15
2022-12-06,Transport,83
2022-12-06,Utilities,41
2022-12-07,Restaurants,29
2022-12-08,Groceries,189
2022-12-08,Projects,40
2022-12-09,Household,3
2022-12-09,Restaurants,21
2022-12-09,Household,15
2022-12-11,Projects,27
2022-12-12,Restaurants,82
2022-12-12,Utilities,16
2022-12-12,Restaurants,50
2022-12-12,Restaurants,25
2022-12-12,Utilities,25
2022-12-12,Restaurants,16
2022-12-12,Groceries,40
2022-12-12,Restaurants,18
2022-12-12,Household,36
2022-12-13,Groceries,66
2022-12-13,Household,71
2022-12-13,Restaurants,37
2022-12-13,Projects,32
2022-12-13,Restaurants,39
2022-12-14,Household,108
2022-12-14,Household,23
2022-12-14,Projects,45
2022-12-14,Projects,10
2022-12-15,Restaurants,20
2022-12-16,Projects,83
2022-12-16,Restaurants,51
2022-12-19,Entertainment,25
2022-12-19,Restaurants,14
2022-12-19,Entertainment,7
2022-12-19,Restaurants,28
2022-12-19,Groceries,124
2022-12-20,Household,55
2022-12-20,Projects,88
2022-12-21,Restaurants,35
2022-12-22,Household,35
2022-12-25,Projects,90
2022-12-26,Projects,70
2022-12-27,Utilities,110
2022-12-27,Utilities,81
2022-12-27,Transport,39
2022-12-28,Transport,32
2022-12-28,Groceries,165
2022-12-28,Utilities,174
2022-12-29,Housing,1175
2022-12-29,Projects,20
2022-12-30,Groceries,118
2022-12-30,Restaurants,33
2023-01-03,Restaurants,12
2023-01-03,Restaurants,3
2023-01-03,Household,95
2023-01-03,Restaurants,44
2023-01-03,Restaurants,26
2023-01-03,Restaurants,65
2023-01-03,Restaurants,40
2023-01-03,Restaurants,15
2023-01-04,Transport,98
2023-01-05,Entertainment,49
2023-01-05,Restaurants,13
2023-01-05,Restaurants,40
2023-01-06,Groceries,99
2023-01-06,Household,19
2023-01-06,Utilities,41
2023-01-08,Projects,600
2023-01-09,Restaurants,12
2023-01-11,Utilities,25
2023-01-11,Restaurants,5
2023-01-12,Groceries,117
2023-01-12,Utilities,16
2023-01-12,Transport,43
2023-01-13,Housing,1175
2023-01-17,Restaurants,37
2023-01-17,Restaurants,13
2023-01-19,Restaurants,14
2023-01-19,Groceries,129
2023-01-19,Household,89
2023-01-20,Other,62
2023-01-21,Projects,198
2023-01-24,Groceries,111
2023-01-26,Utilities,81
2023-01-26,Projects,144
2023-01-27,Utilities,144
2023-01-30,Household,15
2023-01-30,Transport,38
2023-01-31,Utilities,265
2023-02-01,Groceries,172
2023-02-02,Projects,14
2023-02-03,Restaurants,18
2023-02-03,Projects,74
2023-02-03,Projects,48
2023-02-03,Projects,55
2023-02-06,Restaurants,60
2023-02-06,Transport,98
2023-02-06,Household,57
2023-02-06,Utilities,41
2023-02-07,Projects,80
2023-02-07,Housing,1501
2023-02-08,Restaurants,63
2023-02-08,Household,23
2023-02-09,Groceries,109
2023-02-10,Restaurants,18
2023-02-10,Restaurants,14
2023-02-13,Utilities,16
2023-02-13,Utilities,25
2023-02-14,Restaurants,27
2023-02-15,Groceries,157
2023-02-16,Projects,42
2023-02-17,Groceries,59
2023-02-20,Other,62
2023-02-21,Household,13
2023-02-21,Utilities,10
2023-02-21,Restaurants,15
2023-02-21,Restaurants,103
2023-02-22,Transport,65
2023-02-23,Household,23
2023-02-23,Groceries,121
2023-02-24,Restaurants,15
2023-02-24,Utilities,129
2023-02-27,Restaurants,36
2023-02-27,Transport,11
2023-02-27,Utilities,81
2023-02-27,Restaurants,71
2023-02-27,Transport,45
2023-02-27,Restaurants,50
2023-02-28,Utilities,217
2023-03-05,Entertainment,380
2023-03-06,Transport,98
2023-03-06,Utilities,47
2023-03-06,Restaurants,41
2023-03-07,Groceries,142
2023-03-09,Other,104
2023-03-09,Restaurants,14
2023-03-09,Housing,1228
2023-03-10,Restaurants,11
2023-03-10,Utilities,72
2023-03-10,Household,5
2023-03-10,Groceries,5
2023-03-13,Transport,44
2023-03-13,Restaurants,25
2023-03-13,Utilities,25
2023-03-13,Utilities,16
2023-03-13,Other,50
2023-03-14,Restaurants,29
2023-03-14,Projects,64
2023-03-15,Groceries,83
2023-03-15,Household,54
2023-03-20,Other,35
2023-03-20,Restaurants,14
2023-03-20,Restaurants,17
2023-03-22,Groceries,82
2023-03-22,Restaurants,65
2023-03-23,Restaurants,12
2023-03-24,Groceries,61
2023-03-24,Household,4
2023-03-27,Utilities,81
2023-03-27,Household,17
2023-03-27,Utilities,118
2023-03-29,Groceries,124
2023-03-29,Utilities,166
2023-03-29,Entertainment,15
2023-03-30,Restaurants,14
2023-04-01,Projects,99
2023-04-02,Projects,64
2023-04-03,Entertainment,5
2023-04-04,Transport,98
2023-04-05,Restaurants,14
2023-04-05,Restaurants,13
2023-04-05,Projects,86
2023-04-05,Groceries,86
2023-04-05,Projects,32
2023-04-06,Utilities,47
2023-04-06,Housing,1228
2023-04-07,Transport,49
2023-04-10,Groceries,86
2023-04-10,Entertainment,30
2023-04-11,Entertainment,39
2023-04-11,Other,11
2023-04-11,Entertainment,75
2023-04-11,Utilities,25
2023-04-11,Entertainment,39
2023-04-12,Groceries,79
2023-04-12,Utilities,16
2023-04-13,Restaurants,51
2023-04-17,Household,21
2023-04-17,Household,39
2023-04-17,Restaurants,13
2023-04-19,Transport,70
2023-04-21,Groceries,148
2023-04-21,Projects,17
2023-04-21,Projects,177
2023-04-24,Restaurants,13
2023-04-24,Transport,50
2023-04-24,Other,175
2023-04-24,Other,4
2023-04-25,Utilities,81
2023-04-26,Restaurants,12
2023-04-26,Restaurants,38
2023-04-26,Restaurants,25
2023-04-26,Projects,34
2023-04-27,Groceries,32
2023-04-27,Utilities,123
2023-04-28,Household,3
2023-05-01,Restaurants,14
2023-05-01,Groceries,200
2023-05-01,Restaurants,13
2023-05-01,Utilities,177
2023-05-02,Restaurants,30
2023-05-02,Other,207
2023-05-03,Entertainment,5
2023-05-04,Transport,98
2023-05-04,Restaurants,16
2023-05-05,Restaurants,45
2023-05-05,Groceries,3
2023-05-05,Household,39
2023-05-05,Entertainment,11
2023-05-08,Restaurants,14
2023-05-08,Restaurants,4
2023-05-08,Utilities,47
2023-05-08,Household,25
2023-05-08,Restaurants,14
2023-05-08,Household,38
2023-05-08,Household,50
2023-05-09,Restaurants,65
2023-05-09,Projects,32
2023-05-10,Restaurants,13
2023-05-11,Utilities,25
2023-05-12,Projects,49
2023-05-12,Utilities,16
2023-05-12,Projects,126
2023-05-15,Groceries,97
2023-05-15,Restaurants,28
2023-05-15,Groceries,46
2023-05-16,Household,21
2023-05-16,Household,110
2023-05-16,Housing,1228
2023-05-17,Restaurants,43
2023-05-17,Projects,99
2023-05-19,Restaurants,14
2023-05-22,Household,20
2023-05-22,Restaurants,10
2023-05-22,Restaurants,14
2023-05-24,Utilities,81
2023-05-24,Projects,105
2023-05-25,Restaurants,16
2023-05-26,Utilities,134
2023-05-26,Groceries,186
2023-05-30,Transport,51
2023-05-30,Restaurants,20
2023-05-30,Utilities,143
2023-05-31,Restaurants,12
2023-05-31,Projects,140
2023-06-02,Groceries,130
2023-06-05,Entertainment,23
2023-06-05,Entertainment,5
2023-06-05,Restaurants,14
2023-06-05,Other,15
2023-06-06,Transport,5
2023-06-06,Utilities,120
2023-06-06,Transport,98
2023-06-06,Utilities,47
2023-06-07,Transport,38
2023-06-08,Restaurants,14
2023-06-08,Groceries,52
2023-06-09,Groceries,56
2023-06-12,Restaurants,62
2023-06-12,Utilities,16
2023-06-12,Restaurants,100
2023-06-12,Utilities,25
2023-06-12,Transport,3
2023-06-12,Groceries,134
2023-06-12,Transport,8
2023-06-14,Groceries,12
2023-06-14,Other,59
2023-06-14,Restaurants,31
2023-06-14,Restaurants,9
2023-06-15,Restaurants,10
2023-06-15,Projects,63
2023-06-15,Household,69
2023-06-16,Restaurants,25
2023-06-16,Housing,1228
2023-06-16,Household,21
2023-06-16,Projects,112
2023-06-17,Projects,23
2023-06-20,Groceries,55
2023-06-20,Restaurants,14
2023-06-20,Other,127
2023-06-22,Transport,2
2023-06-22,Restaurants,14
2023-06-22,Groceries,72
2023-06-26,Utilities,81
2023-06-27,Restaurants,5
2023-06-27,Groceries,197
2023-06-27,Restaurants,33
2023-06-27,Entertainment,19
2023-06-28,Restaurants,17
2023-06-28,Utilities,103
2023-06-28,Utilities,112
2023-06-28,Restaurants,16
2023-06-29,Household,20
2023-06-29,Entertainment,16
2023-06-29,Projects,3375
2023-07-03,Household,13
2023-07-03,Entertainment,5
2023-07-03,Projects,82
2023-07-03,Household,97
2023-07-05,Transport,98
2023-07-05,Restaurants,70
2023-07-05,Projects,76
2023-07-05,Transport,42
2023-07-06,Utilities,47
2023-07-07,Restaurants,14
2023-07-07,Restaurants,10
2023-07-07,Projects,1444
2023-07-10,Entertainment,40
2023-07-10,Restaurants,13
2023-07-10,Groceries,136
2023-07-10,Restaurants,32
2023-07-11,Utilities,25
2023-07-12,Utilities,16
2023-07-13,Restaurants,22
2023-07-13,Utilities,80
2023-07-14,Other,271
2023-07-14,Restaurants,15
2023-07-17,Transport,47
2023-07-17,Other,154
2023-07-17,Household,21
2023-07-17,Other,257
2023-07-17,Restaurants,18
2023-07-17,Household,61
2023-07-17,Other,43
2023-07-17,Other,48
2023-07-19,Groceries,81
2023-07-20,Restaurants,14
2023-07-20,Other,17
2023-07-21,Household,24
2023-07-21,Projects,65
2023-07-21,Groceries,21
2023-07-21,Restaurants,11
2023-07-24,Transport,5
2023-07-24,Restaurants,14
2023-07-24,Transport,40
2023-07-25,Restaurants,13
2023-07-25,Restaurants,100
2023-07-25,Utilities,81
2023-07-26,Restaurants,12
2023-07-26,Housing,1228
2023-07-27,Entertainment,44
2023-07-27,Utilities,81
2023-07-27,Groceries,207
2023-07-27,Entertainment,127
2023-07-28,Restaurants,14
2023-07-30,Projects,53
2023-07-31,Entertainment,3
2023-07-31,Entertainment,3
2023-07-31,Projects,9
2023-07-31,Restaurants,17
2023-07-31,Entertainment,3
2023-07-31,Entertainment,3
2023-07-31,Entertainment,3
2023-07-31,Other,43
2023-07-31,Entertainment,3
2023-08-01,Utilities,113
2023-08-01,Restaurants,25
2023-08-02,Restaurants,13
2023-08-02,Other,4
2023-08-02,Restaurants,14
2023-08-02,Other,157
2023-08-02,Groceries,157
2023-08-03,Restaurants,17
2023-08-03,Entertainment,5
2023-08-03,Other,26
2023-08-04,Restaurants,21
2023-08-07,Groceries,15
2023-08-07,Household,64
2023-08-07,Restaurants,14
2023-08-07,Groceries,27
2023-08-07,Projects,117
2023-08-07,Restaurants,38
2023-08-07,Restaurants,50
2023-08-07,Transport,51
2023-08-07,Utilities,47
2023-08-08,Household,462
2023-08-08,Other,182
2023-08-08,Restaurants,41
2023-08-08,Other,51
2023-08-08,Restaurants,11
2023-08-09,Groceries,200
2023-08-10,Restaurants,14
2023-08-11,Projects,21
2023-08-11,Restaurants,19
2023-08-11,Projects,36
2023-08-11,Utilities,25
2023-08-14,Projects,49
2023-08-14,Household,133
2023-08-14,Projects,43
2023-08-14,Utilities,16
2023-08-14,Projects,11
2023-08-14,Other,50
2023-08-14,Restaurants,17
2023-08-14,Household,23
2023-08-14,Restaurants,59
2023-08-14,Household,126
2023-08-14,Groceries,5
2023-08-15,Utilities,80
2023-08-15,Groceries,164
2023-08-15,Restaurants,9
2023-08-16,Household,458
2023-08-16,Household,21
2023-08-17,Restaurants,14
2023-08-17,Restaurants,13
2023-08-18,Restaurants,47
2023-08-20,Other,37
2023-08-21,Restaurants,24
2023-08-21,Transport,50
2023-08-21,Entertainment,19
2023-08-21,Groceries,142
2023-08-21,Restaurants,49
2023-08-21,Restaurants,29
2023-08-21,Other,30
2023-08-21,Transport,37
2023-08-21,Projects,20
2023-08-21,Restaurants,2
2023-08-21,Restaurants,7
2023-08-22,Entertainment,367
2023-08-22,Restaurants,5
2023-08-23,Transport,2
2023-08-23,Groceries,125
2023-08-25,Other,138
2023-08-25,Restaurants,17
2023-08-25,Restaurants,14
2023-08-28,Utilities,86
2023-08-28,Restaurants,100
2023-08-28,Housing,1228
2023-08-28,Other,200
2023-08-28,Restaurants,14
2023-08-28,Entertainment,27
2023-08-29,Utilities,106
2023-08-29,Household,35
2023-08-29,Utilities,141
2023-08-30,Restaurants,17
2023-08-30,Entertainment,11
2023-08-30,Projects,87
2023-08-31,Restaurants,10
2023-08-31,Groceries,121
2023-09-05,Restaurants,14
2023-09-05,Household,7
2023-09-05,Groceries,64
2023-09-05,Entertainment,5
2023-09-05,Transport,48
2023-09-06,Restaurants,105
2023-09-06,Utilities,47
2023-09-07,Restaurants,14
2023-09-07,Projects,1485
2023-09-08,Restaurants,17
2023-09-08,Groceries,152
2023-09-08,Housing,1228
2023-09-11,Groceries,194
2023-09-11,Utilities,25
2023-09-11,Other,3
2023-09-11,Other,1200
2023-09-11,Other,775
2023-09-11,Other,10
2023-09-12,Restaurants,22
2023-09-12,Utilities,17
2023-09-13,Groceries,71
2023-09-13,Other,750
2023-09-13,Groceries,10
2023-09-13,Projects,100
2023-09-13,Entertainment,75
2023-09-15,Utilities,80
2023-09-15,Restaurants,17
2023-09-15,Entertainment,64
2023-09-15,Other,138
2023-09-18,Household,21
2023-09-18,Household,285
2023-09-19,Groceries,23
2023-09-19,Groceries,151
2023-09-20,Transport,42
2023-09-20,Other,25
2023-09-21,Household,46
2023-09-21,Restaurants,14
2023-09-22,Household,16
2023-09-22,Restaurants,50
2023-09-22,Household,19
2023-09-26,Groceries,151
2023-09-26,Utilities,86
2023-09-27,Utilities,101
2023-09-27,Restaurants,9
2023-09-27,Utilities,99
2023-09-27,Restaurants,44
2023-09-28,Restaurants,30
2023-09-28,Groceries,99
2023-09-28,Projects,34
2023-09-29,Restaurants,16
2023-10-02,Restaurants,15
2023-10-03,Restaurants,17
2023-10-03,Entertainment,5
2023-10-04,Groceries,200
2023-10-05,Household,38
2023-10-05,Projects,30
2023-10-06,Utilities,47
2023-10-10,Restaurants,23
2023-10-10,Restaurants,15
2023-10-10,Groceries,95
2023-10-11,Utilities,25
2023-10-11,Housing,1228
2023-10-12,Utilities,17
2023-10-12,Restaurants,86
2023-10-12,Groceries,106
2023-10-12,Projects,5
2023-10-14,Projects,90
2023-10-16,Transport,41
2023-10-16,Utilities,80
2023-10-16,Restaurants,31
2023-10-16,Household,375
2023-10-16,Restaurants,25
2023-10-16,Household,21
2023-10-17,Household,77
2023-10-17,Projects,19
2023-10-17,Entertainment,33
2023-10-17,Household,41
2023-10-18,Restaurants,12
2023-10-18,Groceries,146
2023-10-18,Restaurants,15
2023-10-19,Restaurants,12
2023-10-20,Restaurants,50
2023-10-20,Restaurants,29
2023-10-23,Restaurants,15
2023-10-23,Restaurants,27
2023-10-24,Entertainment,2
2023-10-25,Utilities,86
2023-10-25,Utilities,73
2023-10-25,Restaurants,14
2023-10-27,Groceries,151
2023-10-29,Projects,74
2023-10-30,Transport,35
2023-10-30,Other,17
2023-10-30,Household,122
2023-10-30,Restaurants,2
2023-10-30,Entertainment,20
2023-10-30,Restaurants,31
2023-10-30,Restaurants,46
2023-10-30,Utilities,103
2023-10-30,Entertainment,41
2023-10-30,Transport,48
2023-11-01,Household,58
2023-11-03,Entertainment,5
2023-11-06,Groceries,39
2023-11-06,Transport,2
2023-11-06,Utilities,47
2023-11-08,Restaurants,14
2023-11-08,Household,49
2023-11-08,Restaurants,50
2023-11-08,Groceries,247
2023-11-08,Restaurants,15
2023-11-08,Housing,1228
2023-11-08,Projects,27
2023-11-09,Household,83
2023-11-09,Household,18
2023-11-09,Household,35
2023-11-09,Groceries,11
2023-11-09,Restaurants,74
2023-11-09,Household,25
2023-11-09,Projects,64
2023-11-09,Household,598
2023-11-10,Household,4
2023-11-10,Restaurants,13
2023-11-13,Groceries,31
2023-11-13,Utilities,17
2023-11-13,Utilities,75
2023-11-14,Other,84
2023-11-15,Restaurants,15
2023-11-15,Utilities,80
2023-11-16,Transport,3
2023-11-16,Groceries,102
2023-11-16,Restaurants,7
2023-11-16,Household,21
2023-11-17,Other,25
2023-11-17,Restaurants,17
2023-11-20,Restaurants,11
2023-11-20,Other,24
2023-11-20,Groceries,51
2023-11-20,Other,72
2023-11-21,Transport,40
2023-11-21,Household,100
2023-11-21,Other,410
2023-11-22,Restaurants,13
2023-11-23,Entertainment,21
2023-11-24,Other,97
2023-11-24,Household,9
2023-11-24,Restaurants,91
2023-11-25,Entertainment,226
2023-11-27,Other,69
2023-11-27,Utilities,86
2023-11-27,Transport,38
2023-11-27,Utilities,146
2023-11-27,Projects,89
2023-11-27,Groceries,145
2023-11-28,Groceries,17
2023-11-29,Restaurants,15
2023-11-29,Utilities,83
2023-11-30,Household,15
2023-11-30,Projects,50
2023-11-30,Projects,34
2023-12-01,Entertainment,25
2023-12-01,Other,62
2023-12-01,Projects,2764
2023-12-04,Entertainment,5
2023-12-04,Other,69
2023-12-04,Other,94
2023-12-04,Groceries,153
2023-12-04,Other,114
2023-12-04,Other,43
2023-12-04,Other,77
2023-12-05,Restaurants,15
2023-12-06,Groceries,168
2023-12-06,Utilities,99
2023-12-06,Utilities,47
2023-12-06,Entertainment,105
2023-12-07,Restaurants,15
2023-12-07,Restaurants,15
2023-12-08,Restaurants,14
2023-12-08,Groceries,9
2023-12-11,Household,32
2023-12-11,Restaurants,34
2023-12-11,Groceries,16
2023-12-11,Household,14
2023-12-11,Utilities,25
2023-12-11,Projects,33
2023-12-12,Housing,1228
2023-12-12,Utilities,17
2023-12-13,Restaurants,15
2023-12-13,Restaurants,14
2023-12-13,Restaurants,25
2023-12-14,Household,91
2023-12-14,Restaurants,75
2023-12-15,Groceries,80
2023-12-15,Utilities,80
2023-12-18,Groceries,11
2023-12-18,Transport,37
2023-12-18,Household,21
2023-12-18,Restaurants,15
2023-12-18,Restaurants,37
2023-12-19,Household,41
2023-12-19,Groceries,198
2023-12-19,Entertainment,48
2023-12-20,Entertainment,6
2023-12-20,Household,110
2023-12-21,Household,47
2023-12-21,Household,17
2023-12-21,Restaurants,48
2023-12-22,Groceries,59
2023-12-22,Restaurants,15
2023-12-26,Restaurants,7
2023-12-26,Groceries,22
2023-12-26,Transport,41
2023-12-26,Household,11
2023-12-26,Utilities,86
2023-12-26,Restaurants,4
2023-12-26,Entertainment,7
2023-12-27,Utilities,195
2023-12-28,Utilities,96
2023-12-28,Groceries,17
2023-12-28,Groceries,232
2023-12-29,Restaurants,5
2023-12-29,Household,94
2023-12-31,Projects,123
2024-01-02,Groceries,114
2024-01-02,Restaurants,37
2024-01-02,Entertainment,672
2024-01-03,Entertainment,5
2024-01-03,Entertainment,15
2024-01-03,Entertainment,4
2024-01-03,Other,42
2024-01-03,Entertainment,52
2024-01-04,Household,4
2024-01-04,Restaurants,14
2024-01-05,Restaurants,14
2024-01-05,Housing,1228
2024-01-08,Utilities,47
2024-01-08,Transport,36
2024-01-08,Household,100
2024-01-10,Household,25
2024-01-10,Groceries,223
2024-01-10,Household,85
2024-01-11,Utilities,25
2024-01-11,Restaurants,14
2024-01-12,Utilities,17
2024-01-16,Restaurants,13
2024-01-16,Groceries,135
2024-01-16,Other,44
2024-01-16,Household,21
2024-01-16,Utilities,80
2024-01-17,Other,57
2024-01-18,Restaurants,14
2024-01-21,Projects,14
2024-01-22,Projects,48
2024-01-24,Projects,179
2024-01-24,Restaurants,46
2024-01-24,Groceries,101
2024-01-24,Utilities,86
2024-01-26,Other,4
2024-01-29,Utilities,118
2024-01-29,Restaurants,12
2024-01-29,Projects,34
2024-01-30,Transport,40
2024-01-30,Groceries,178
2024-01-30,Utilities,245
2024-01-30,Projects,64
2024-01-31,Household,61
2024-01-31,Projects,15
2024-02-01,Restaurants,50
2024-02-05,Entertainment,5
2024-02-06,Housing,1374
2024-02-06,Utilities,47
2024-02-07,Other,133
2024-02-07,Groceries,192
2024-02-08,Restaurants,14
2024-02-08,Restaurants,15
2024-02-08,Utilities,10
2024-02-12,Restaurants,15
2024-02-12,Utilities,25
2024-02-12,Utilities,17
2024-02-13,Groceries,228
2024-02-13,Restaurants,11
2024-02-14,Other,127
2024-02-14,Restaurants,15
2024-02-15,Utilities,80
2024-02-16,Household,21
2024-02-20,Groceries,207
2024-02-20,Restaurants,15
2024-02-20,Utilities,10
2024-02-20,Other,4
2024-02-22,Restaurants,17
2024-02-22,Restaurants,99
2024-02-22,Restaurants,14
2024-02-25,Transport,45
2024-02-26,Other,0
2024-02-26,Restaurants,15
2024-02-26,Household,36
2024-02-26,Entertainment,21
2024-02-27,Groceries,138
2024-02-27,Utilities,160
2024-02-27,Utilities,86
2024-02-28,Restaurants,24
2024-02-28,Utilities,106
2024-02-29,Projects,101
2024-02-29,Entertainment,65
2024-03-04,Housing,1374
2024-03-04,Entertainment,5
2024-03-05,Utilities,72
2024-03-05,Projects,751
2024-03-06,Restaurants,15
2024-03-06,Groceries,236
2024-03-06,Household,159
2024-03-06,Restaurants,18
2024-03-06,Utilities,51
2024-03-07,Household,19
2024-03-08,Restaurants,18
2024-03-11,Projects,122
2024-03-11,Utilities,25
2024-03-11,Household,63
2024-03-11,Other,172
2024-03-12,Utilities,17
2024-03-13,Restaurants,15
2024-03-14,Groceries,138
2024-03-14,Transport,18
2024-03-15,Entertainment,34
2024-03-15,Utilities,80
2024-03-15,Entertainment,36
2024-03-18,Restaurants,9
2024-03-18,Household,44
2024-03-18,Household,21
2024-03-18,Restaurants,26
2024-03-20,Groceries,276
2024-03-20,Restaurants,15
2024-03-20,Transport,27
2024-03-20,Restaurants,11
2024-03-22,Restaurants,50
2024-03-25,Other,0
2024-03-25,Projects,41
2024-03-26,Groceries,81
2024-03-26,Utilities,86
2024-03-27,Utilities,95
2024-03-27,Utilities,275
2024-03-28,Restaurants,15
2024-03-28,Groceries,131
2024-03-30,Entertainment,64
2024-03-31,Projects,34
2024-04-01,Household,80
2024-04-01,Restaurants,43
2024-04-01,Household,15
2024-04-01,Transport,39
2024-04-01,Transport,5
2024-04-02,Restaurants,24
2024-04-02,Entertainment,50
2024-04-03,Entertainment,5
2024-04-03,Restaurants,16
2024-04-03,Groceries,150
2024-04-04,Restaurants,14
2024-04-05,Entertainment,37
2024-04-08,Utilities,51
2024-04-08,Housing,1374
2024-04-08,Entertainment,6
2024-04-09,Restaurants,29
2024-04-09,Restaurants,32
2024-04-09,Restaurants,18
2024-04-10,Transport,48
2024-04-11,Utilities,25
2024-04-11,Transport,67
2024-04-11,Restaurants,16
2024-04-12,Utilities,17
2024-04-15,Transport,5
2024-04-15,Utilities,80
2024-04-15,Groceries,233
2024-04-15,Groceries,32
2024-04-16,Household,21
2024-04-17,Household,33
2024-04-17,Groceries,26
2024-04-17,Restaurants,16
2024-04-17,Household,17
2024-04-17,Restaurants,40
2024-04-17,Projects,40
2024-04-18,Projects,199
2024-04-18,Household,14
2024-04-20,Restaurants,65
2024-04-22,Groceries,206
2024-04-22,Other,84
2024-04-22,Transport,13
2024-04-23,Restaurants,11
2024-04-23,Restaurants,15
2024-04-23,Other,839
2024-04-23,Projects,23
2024-04-24,Utilities,86
2024-04-25,Other,0
2024-04-25,Projects,1968
2024-04-26,Utilities,99
2024-04-26,Projects,554
2024-04-29,Restaurants,16
2024-04-29,Utilities,173
2024-04-29,Household,86
2024-04-29,Restaurants,23
2024-04-29,Transport,42
2024-04-30,Projects,175
2024-04-30,Groceries,219
2024-05-01,Projects,125
2024-05-03,Restaurants,16
2024-05-03,Entertainment,5
2024-05-06,Groceries,41
2024-05-06,Restaurants,18
2024-05-06,Utilities,51
2024-05-07,Household,219
2024-05-07,Household,86
2024-05-07,Restaurants,42
2024-05-08,Restaurants,18
2024-05-08,Restaurants,10
2024-05-08,Household,133
2024-05-09,Household,26
2024-05-09,Groceries,218
2024-05-13,Other,19
2024-05-13,Utilities,17
2024-05-13,Restaurants,50
2024-05-13,Utilities,25
2024-05-13,Groceries,23
2024-05-14,Other,30
2024-05-14,Groceries,142
2024-05-15,Utilities,80
2024-05-15,Restaurants,15
2024-05-15,Transport,45
2024-05-15,Housing,1374
2024-05-16,Household,21
2024-05-17,Transport,2
2024-05-17,Projects,193
2024-05-20,Transport,4
2024-05-20,Household,3
2024-05-20,Household,156
2024-05-20,Restaurants,49
2024-05-21,Household,33
2024-05-22,Projects,39
2024-05-22,Utilities,16
2024-05-22,Restaurants,15
2024-05-22,Other,74
2024-05-22,Groceries,148
2024-05-22,Household,39
2024-05-22,Household,248
2024-05-23,Household,45
2024-05-23,Household,91
2024-05-24,Restaurants,10
2024-05-25,Projects,48
2024-05-28,Restaurants,50
2024-05-28,Other,2
2024-05-28,Projects,27
2024-05-28,Entertainment,70
2024-05-28,Utilities,86
2024-05-28,Household,156
2024-05-28,Utilities,119
2024-05-28,Projects,70
2024-05-28,Transport,51
2024-05-28,Other,49
2024-05-29,Utilities,120
2024-05-29,Other,5
2024-05-29,Household,23
2024-05-29,Other,182
2024-05-30,Groceries,135
2024-05-30,Utilities,93
2024-05-31,Restaurants,16
2024-05-31,Groceries,23
2024-05-31,Projects,34
2024-05-31,Entertainment,107
2024-06-03,Groceries,65
2024-06-03,Restaurants,50
2024-06-03,Entertainment,5
2024-06-03,Transport,38
2024-06-04,Housing,1374
2024-06-04,Restaurants,11
2024-06-05,Groceries,107
2024-06-05,Groceries,21
2024-06-06,Household,98
2024-06-06,Utilities,51
2024-06-07,Restaurants,16
2024-06-07,Restaurants,18
2024-06-07,Groceries,19
2024-06-10,Groceries,45
2024-06-10,Restaurants,39
2024-06-10,Groceries,40
2024-06-10,Household,121
2024-06-10,Transport,8
2024-06-10,Restaurants,18
2024-06-10,Restaurants,89
2024-06-10,Transport,8
2024-06-11,Restaurants,17
2024-06-11,Utilities,25
2024-06-12,Utilities,17
2024-06-12,Projects,169
2024-06-12,Groceries,184
2024-06-12,Restaurants,38
2024-06-13,Restaurants,15
2024-06-13,Restaurants,50
2024-06-13,Projects,28
2024-06-14,Restaurants,16
2024-06-17,Restaurants,19
2024-06-17,Utilities,80
2024-06-17,Restaurants,6
2024-06-17,Household,21
2024-06-20,Restaurants,10
2024-06-20,Groceries,29
2024-06-20,Groceries,194
2024-06-20,Other,214
2024-06-21,Household,18
2024-06-22,Projects,108
2024-06-24,Household,74
2024-06-25,Groceries,232
2024-06-25,Restaurants,30
2024-06-25,Other,2
2024-06-25,Utilities,86
2024-06-26,Restaurants,10
2024-06-26,Utilities,108
2024-06-27,Utilities,116
2024-06-28,Transport,6
2024-06-28,Projects,310
2024-06-30,Entertainment,25
2024-07-01,Restaurants,50
2024-07-01,Other,70
2024-07-01,Groceries,29
2024-07-02,Groceries,99
2024-07-03,Entertainment,5
2024-07-05,Restaurants,10
2024-07-05,Restaurants,61
2024-07-05,Groceries,79
2024-07-05,Other,48
2024-07-05,Groceries,2
2024-07-08,Household,4
2024-07-08,Restaurants,63
2024-07-08,Projects,40
2024-07-08,Entertainment,597
2024-07-08,Restaurants,38
2024-07-08,Utilities,51
2024-07-08,Projects,21
2024-07-09,Restaurants,10
2024-07-09,Entertainment,40
2024-07-10,Groceries,230
2024-07-10,Restaurants,20
2024-07-11,Projects,100
2024-07-11,Utilities,25
2024-07-12,Utilities,20
2024-07-12,Restaurants,16
2024-07-15,Restaurants,10
2024-07-15,Projects,10
2024-07-15,Other,71
2024-07-15,Entertainment,13
2024-07-15,Restaurants,3
2024-07-15,Other,10
2024-07-15,Household,24
2024-07-15,Utilities,100
2024-07-16,Household,21
2024-07-16,Restaurants,11
2024-07-16,Groceries,170
2024-07-16,Projects,78
2024-07-17,Household,275
2024-07-17,Household,284
2024-07-17,Projects,164
2024-07-18,Housing,1374
2024-07-18,Household,47
2024-07-18,Projects,149
2024-07-22,Restaurants,50
2024-07-22,Restaurants,15
2024-07-22,Restaurants,10
2024-07-22,Transport,43
2024-07-23,Projects,125
2024-07-23,Restaurants,9
2024-07-23,Projects,34
2024-07-23,Household,15
2024-07-23,Groceries,15
2024-07-23,Projects,63
2024-07-24,Groceries,156
2024-07-25,Other,2
2024-07-25,Restaurants,16
2024-07-25,Utilities,86
2024-07-25,Restaurants,18
2024-07-26,Utilities,141
2024-07-26,Groceries,2
2024-07-29,Household,61
2024-07-29,Other,38
2024-07-29,Restaurants,20
2024-07-30,Restaurants,50
2024-07-30,Household,43
2024-07-30,Household,58
2024-07-30,Restaurants,9
2024-07-30,Utilities,118
2024-07-30,Restaurants,8
2024-07-31,Groceries,145
2024-07-31,Groceries,29
2024-08-01,Restaurants,11
2024-08-01,Household,25
2024-08-02,Groceries,14
2024-08-05,Entertainment,30
2024-08-05,Restaurants,7
2024-08-05,Other,11
2024-08-05,Projects,4
2024-08-05,Entertainment,5
2024-08-05,Restaurants,16
2024-08-05,Projects,8
2024-08-05,Entertainment,60
2024-08-05,Entertainment,32
2024-08-05,Restaurants,16
2024-08-06,Restaurants,15
2024-08-06,Utilities,51
2024-08-07,Groceries,190
2024-08-09,Restaurants,15
2024-08-09,Household,879
2024-08-09,Restaurants,11
2024-08-12,Household,55
2024-08-12,Utilities,25
2024-08-12,Utilities,20
2024-08-12,Restaurants,11
2024-08-12,Restaurants,138
2024-08-12,Other,42
2024-08-12,Groceries,134
2024-08-14,Groceries,106
2024-08-14,Other,27
2024-08-14,Restaurants,16
2024-08-14,Groceries,13
2024-08-15,Housing,1374
2024-08-15,Utilities,100
2024-08-16,Household,21
2024-08-19,Transport,39
2024-08-20,Restaurants,18
2024-08-20,Groceries,220
2024-08-20,Other,4
2024-08-22,Restaurants,15
2024-08-23,Restaurants,11
2024-08-24,Entertainment,19
2024-08-26,Other,2
2024-08-26,Entertainment,597
2024-08-26,Utilities,86
2024-08-26,Restaurants,50
2024-08-26,Household,9
2024-08-27,Groceries,117
2024-08-27,Utilities,155
2024-08-28,Restaurants,15
2024-08-28,Utilities,113
2024-08-29,Other,30
2024-08-29,Projects,34
2024-08-29,Projects,41
2024-08-30,Groceries,184
2024-09-03,Transport,3
2024-09-03,Projects,42
2024-09-03,Household,54
2024-09-03,Restaurants,11
2024-09-03,Restaurants,63
2024-09-03,Entertainment,5
2024-09-03,Household,171
2024-09-03,Household,37
2024-09-03,Household,26
2024-09-03,Restaurants,50
2024-09-04,Groceries,184
2024-09-04,Restaurants,58
2024-09-05,Transport,35
2024-09-06,Utilities,51
2024-09-06,Other,34
2024-09-06,Housing,1374
2024-09-09,Restaurants,146
2024-09-09,Restaurants,20
2024-09-09,Restaurants,1
2024-09-09,Other,6
2024-09-09,Restaurants,50
2024-09-10,Projects,175
2024-09-10,Restaurants,13
2024-09-11,Restaurants,43
2024-09-11,Utilities,25
2024-09-12,Utilities,20
2024-09-12,Groceries,78
2024-09-13,Other,124
2024-09-16,Household,21
2024-09-16,Restaurants,15
2024-09-16,Groceries,8
2024-09-16,Restaurants,18
2024-09-16,Utilities,100
2024-09-17,Restaurants,18
2024-09-17,Utilities,45
2024-09-19,Groceries,81
2024-09-20,Household,24
2024-09-23,Restaurants,50
2024-09-23,Groceries,25
2024-09-23,Entertainment,119
2024-09-23,Entertainment,229
2024-09-24,Utilities,86
2024-09-24,Projects,62
2024-09-25,Other,2
2024-09-25,Restaurants,16
2024-09-25,Groceries,75
2024-09-25,Other,290
2024-09-26,Transport,43
2024-09-26,Other,37
2024-09-26,Other,33
2024-09-27,Transport,30
2024-09-27,Utilities,147
2024-09-29,Projects,78
2024-09-30,Entertainment,21
2024-09-30,Entertainment,11
2024-09-30,Utilities,117
2024-09-30,Restaurants,32
2024-09-30,Entertainment,25
2024-09-30,Entertainment,4
2024-09-30,Restaurants,31
2024-09-30,Groceries,99
2024-09-30,Entertainment,16
2024-09-30,Groceries,264
2024-09-30,Entertainment,22
2024-09-30,Entertainment,110
2024-09-30,Entertainment,7
2024-09-30,Restaurants,44
2024-10-01,Transport,37
2024-10-02,Restaurants,50
2024-10-02,Projects,88
2024-10-03,Entertainment,5
2024-10-03,Restaurants,15
2024-10-03,Household,12
2024-10-04,Household,4
2024-10-04,Restaurants,10
2024-10-04,Household,65
2024-10-04,Restaurants,23
2024-10-07,Household,69
2024-10-07,Restaurants,33
2024-10-07,Restaurants,49
2024-10-07,Entertainment,17
2024-10-07,Entertainment,36
2024-10-07,Entertainment,26
2024-10-07,Restaurants,65
2024-10-07,Entertainment,23
2024-10-07,Entertainment,64
2024-10-07,Utilities,51
2024-10-08,Restaurants,16
2024-10-08,Transport,22
2024-10-08,Projects,125
2024-10-08,Restaurants,50
2024-10-08,Restaurants,64
2024-10-08,Transport,5
2024-10-09,Restaurants,31
2024-10-09,Projects,32
2024-10-09,Household,67
2024-10-09,Household,28
2024-10-09,Restaurants,29
2024-10-10,Projects,73
2024-10-10,Housing,1281
2024-10-11,Household,179
2024-10-11,Groceries,203
2024-10-11,Utilities,25
2024-10-11,Restaurants,50
2024-10-11,Restaurants,36
2024-10-15,Restaurants,22
2024-10-15,Transport,37
2024-10-15,Utilities,100
2024-10-15,Restaurants,17
2024-10-15,Household,104
2024-10-15,Utilities,20
2024-10-15,Groceries,210
2024-10-15,Restaurants,46
2024-10-15,Restaurants,18
2024-10-15,Projects,43
2024-10-16,Transport,229
2024-10-17,Restaurants,50
2024-10-17,Restaurants,12
2024-10-17,Projects,61
2024-10-21,Restaurants,16
2024-10-21,Groceries,45
2024-10-22,Groceries,205
2024-10-22,Projects,29
2024-10-22,Entertainment,37
2024-10-23,Household,40
2024-10-24,Groceries,11
2024-10-24,Entertainment,30
2024-10-24,Household,36
2024-10-24,Household,393
2024-10-25,Other,2
2024-10-25,Utilities,86
2024-10-25,Household,50
2024-10-25,Restaurants,9
2024-10-28,Utilities,108
2024-10-28,Transport,40
2024-10-28,Transport,7
2024-10-29,Restaurants,25
2024-10-29,Transport,10
2024-10-29,Restaurants,8
2024-10-30,Household,100
2024-10-30,Utilities,95
2024-10-30,Household,12
2024-10-30,Restaurants,8
2024-10-30,Household,46
2024-10-31,Household,23
2024-10-31,Groceries,72
2024-10-31,Restaurants,50
2024-10-31,Restaurants,15
2024-11-01,Restaurants,21
2024-11-01,Restaurants,14
2024-11-02,Projects,34
2024-11-04,Projects,210
2024-11-04,Household,99
2024-11-04,Entertainment,5
2024-11-04,Restaurants,12
2024-11-04,Groceries,30
2024-11-05,Projects,90
2024-11-05,Projects,360
2024-11-05,Projects,48
2024-11-05,Housing,1281
2024-11-06,Utilities,29
2024-11-06,Groceries,225
2024-11-06,Projects,41
2024-11-07,Restaurants,15
2024-11-07,Restaurants,50
2024-11-08,Projects,24
2024-11-08,Utilities,99
2024-11-11,Projects,44
2024-11-12,Utilities,20
2024-11-12,Groceries,86
2024-11-12,Utilities,75
2024-11-12,Projects,87
2024-11-12,Restaurants,43
2024-11-12,Groceries,36
2024-11-12,Groceries,164
2024-11-14,Other,214
2024-11-14,Restaurants,15
2024-11-15,Groceries,34
2024-11-15,Utilities,100
2024-11-18,Restaurants,50
2024-11-18,Household,26
2024-11-18,Other,25
2024-11-18,Restaurants,72
2024-11-18,Other,70
2024-11-18,Transport,30
2024-11-18,Projects,21
2024-11-19,Transport,38
2024-11-19,Projects,73
2024-11-20,Groceries,213
2024-11-20,Restaurants,14
2024-11-20,Projects,46
2024-11-21,Restaurants,11
2024-11-21,Projects,28
2024-11-21,Utilities,150
2024-11-22,Projects,58
2024-11-25,Projects,31
2024-11-25,Other,15
2024-11-25,Restaurants,11
2024-11-25,Other,2
2024-11-25,Restaurants,50
2024-11-26,Other,99
2024-11-26,Groceries,263
2024-11-26,Utilities,140
2024-11-26,Utilities,86
2024-11-26,Utilities,108
2024-11-27,Other,227
2024-11-27,Household,16
2024-11-27,Household,7
2024-11-27,Projects,169
2024-11-27,Household,14
2024-11-27,Household,61
2024-11-28,Household,55
2024-11-29,Transport,38
2024-11-29,Entertainment,34
2024-12-02,Projects,139
2024-12-03,Restaurants,15
2024-12-03,Entertainment,5
2024-12-04,Groceries,165
2024-12-04,Restaurants,37
2024-12-05,Housing,1281
2024-12-05,Restaurants,15
2024-12-05,Household,28
2024-12-05,Other,120
2024-12-06,Projects,10
2024-12-06,Restaurants,14
2024-12-06,Household,63
2024-12-06,Utilities,29
2024-12-08,Household,1
2024-12-09,Restaurants,15
2024-12-10,Restaurants,16
2024-12-10,Groceries,253
2024-12-10,Transport,34
2024-12-10,Projects,28
2024-12-11,Utilities,25
2024-12-11,Projects,75
2024-12-12,Utilities,20
2024-12-12,Restaurants,15
2024-12-13,Projects,57
2024-12-15,Projects,40
2024-12-16,Restaurants,41
2024-12-16,Restaurants,8
2024-12-16,Household,51
2024-12-16,Restaurants,50
2024-12-16,Projects,26
2024-12-16,Utilities,100
2024-12-16,Projects,164
2024-12-16,Household,23
2024-12-17,Household,53
2024-12-17,Transport,36
2024-12-17,Household,28
2024-12-17,Groceries,55
2024-12-18,Household,75
2024-12-18,Projects,38
2024-12-18,Projects,107
2024-12-19,Groceries,154
2024-12-19,Groceries,27
2024-12-23,Projects,14
2024-12-24,Household,103
2024-12-26,Transport,40
2024-12-26,Other,2
2024-12-26,Restaurants,50
2024-12-26,Groceries,76
2024-12-26,Utilities,91
2024-12-27,Projects,31
2024-12-30,Groceries,195
2024-12-30,Utilities,152
2024-12-30,Utilities,188
2024-12-31,Other,107